filename,gender,color,style,category
mans_Beige_Floral_Blazer_928.png,men,beige,floral,blazer
mans_Beige_Floral_Cardigan_927.png,men,beige,floral,cardigan
mans_Beige_Floral_Coat(1).png,men,beige,floral,coat
mans_Beige_Floral_Jacket_931.png,men,beige,floral,jacket
mans_Beige_Floral_Jeans_935.png,men,beige,floral,jeans
mans_Beige_Floral_Pants_934.png,men,beige,floral,pants
mans_Beige_Floral_Shirt_926.png,men,beige,floral,shirt
mans_Beige_Floral_Skirt_933.png,men,beige,floral,skirt
mans_Beige_Floral_Sweatshirt_929.png,men,beige,floral,sweatshirt
mans_Beige_Floral_T-Shirt_925.png,men,beige,floral,t-shirt
mans_Beige_Floral_Top_924.png,men,beige,floral,top
mans_Beige_Floral_Vest(6).png,men,beige,floral,vest
mans_Beige_Plaid_Blazer_940.png,men,beige,plaid,blazer
mans_Beige_Plaid_Cardigan_939.png,men,beige,plaid,cardigan
mans_Beige_Plaid_Coat(3).png,men,beige,plaid,coat
mans_Beige_Plaid_Jacket_943.png,men,beige,plaid,jacket
mans_Beige_Plaid_Jeans.png,men,beige,plaid,jeans
mans_Beige_Plaid_Pants(7).png,men,beige,plaid,pants
mans_Beige_Plaid_Shirt(3).png,men,beige,plaid,shirt
mans_Beige_Plaid_Skirt_945.png,men,beige,plaid,skirt
mans_Beige_Plaid_Sweatshirt_941.png,men,beige,plaid,sweatshirt
mans_Beige_Plaid_T-Shirt_937.png,men,beige,plaid,t-shirt
mans_Beige_Plaid_Top_936.png,men,beige,plaid,top
mans_Beige_Plaid_Vest_942.png,men,beige,plaid,vest
mans_Beige_Solid_Blazer_904.png,men,beige,solid,blazer
mans_Beige_Solid_Cardigan_903.png,men,beige,solid,cardigan
mans_Beige_Solid_Coat_908.png,men,beige,solid,coat
mans_Beige_Solid_Jacket_907.png,men,beige,solid,jacket
mans_Beige_Solid_Jeans_911.png,men,beige,solid,jeans
mans_Beige_Solid_Pants_910.png,men,beige,solid,pants
mans_Beige_Solid_Shirt_902.png,men,beige,solid,shirt
mans_Beige_Solid_Skirt_909.png,men,beige,solid,skirt
mans_Beige_Solid_Sweatshirt_905.png,men,beige,solid,sweatshirt
mans_Beige_Solid_T-Shirt_901.png,men,beige,solid,t-shirt
mans_Beige_Solid_Top(3).png,men,beige,solid,top
mans_Beige_Solid_Vest_906.png,men,beige,solid,vest
mans_Beige_Spotted_Blazer_952.png,men,beige,spotted,blazer
mans_Beige_Spotted_Cardigan_951.png,men,beige,spotted,cardigan
mans_Beige_Spotted_Coat_956.png,men,beige,spotted,coat
mans_Beige_Spotted_Jacket_955.png,men,beige,spotted,jacket
mans_Beige_Spotted_Jeans(8).png,men,beige,spotted,jeans
mans_Beige_Spotted_Pants_958.png,men,beige,spotted,pants
mans_Beige_Spotted_Shirt_950.png,men,beige,spotted,shirt
mans_Beige_Spotted_Skirt_957.png,men,beige,spotted,skirt
mans_Beige_Spotted_Sweatshirt_953.png,men,beige,spotted,sweatshirt
mans_Beige_Spotted_T-Shirt_949.png,men,beige,spotted,t-shirt
mans_Beige_Spotted_Top_948.png,men,beige,spotted,top
mans_Beige_Spotted_Vest_954.png,men,beige,spotted,vest
mans_Beige_Striped_Blazer_916.png,men,beige,striped,blazer
mans_Beige_Striped_Cardigan_915.png,men,beige,striped,cardigan
mans_Beige_Striped_Coat(8).png,men,beige,striped,coat
mans_Beige_Striped_Jacket_919.png,men,beige,striped,jacket
mans_Beige_Striped_Jeans_923.png,men,beige,striped,jeans
mans_Beige_Striped_Pants_922.png,men,beige,striped,pants
mans_Beige_Striped_Shirt(4).png,men,beige,striped,shirt
mans_Beige_Striped_Skirt_921.png,men,beige,striped,skirt
mans_Beige_Striped_Sweatshirt_917.png,men,beige,striped,sweatshirt
mans_Beige_Striped_T-Shirt_913.png,men,beige,striped,t-shirt
mans_Beige_Striped_Top_912.png,men,beige,striped,top
mans_Beige_Striped_Vest(7).png,men,beige,striped,vest
mans_Black_Floral_Blazer_748.png,men,black,floral,blazer
mans_Black_Floral_Cardigan_747.png,men,black,floral,cardigan
mans_Black_Floral_Coat_752.png,men,black,floral,coat
mans_Black_Floral_Jacket_751.png,men,black,floral,jacket
mans_Black_Floral_Jeans_755.png,men,black,floral,jeans
mans_Black_Floral_Pants_754.png,men,black,floral,pants
mans_Black_Floral_Shirt(1).png,men,black,floral,shirt
mans_Black_Floral_Skirt_753.png,men,black,floral,skirt
mans_Black_Floral_Sweatshirt(7).png,men,black,floral,sweatshirt
mans_Black_Floral_T-Shirt_745.png,men,black,floral,t-shirt
mans_Black_Floral_Top_744.png,men,black,floral,top
mans_Black_Floral_Vest(2).png,men,black,floral,vest
mans_Black_Plaid_Blazer_760.png,men,black,plaid,blazer
mans_Black_Plaid_Cardigan_759.png,men,black,plaid,cardigan
mans_Black_Plaid_Coat_764.png,men,black,plaid,coat
mans_Black_Plaid_Jacket(2).png,men,black,plaid,jacket
mans_Black_Plaid_Jeans_767.png,men,black,plaid,jeans
mans_Black_Plaid_Pants_766.png,men,black,plaid,pants
mans_Black_Plaid_Shirt.png,men,black,plaid,shirt
mans_Black_Plaid_Skirt_765.png,men,black,plaid,skirt
mans_Black_Plaid_Sweatshirt(7).png,men,black,plaid,sweatshirt
mans_Black_Plaid_T-Shirt_757.png,men,black,plaid,t-shirt
mans_Black_Plaid_Top(2).png,men,black,plaid,top
mans_Black_Plaid_Vest_762.png,men,black,plaid,vest
mans_Black_Solid_Blazer_724.png,men,black,solid,blazer
mans_Black_Solid_Cardigan_723.png,men,black,solid,cardigan
mans_Black_Solid_Coat_728.png,men,black,solid,coat
mans_Black_Solid_Jacket(6).png,men,black,solid,jacket
mans_Black_Solid_Jeans_731.png,men,black,solid,jeans
mans_Black_Solid_Pants_730.png,men,black,solid,pants
mans_Black_Solid_Shirt_722.png,men,black,solid,shirt
mans_Black_Solid_Sweatshirt_725.png,men,black,solid,sweatshirt
mans_Black_Solid_T-Shirt_721.png,men,black,solid,t-shirt
mans_Black_Solid_Top_720.png,men,black,solid,top
mans_Black_Solid_Vest_726.png,men,black,solid,vest
mans_Black_Spotted_Blazer_772.png,men,black,spotted,blazer
mans_Black_Spotted_Cardigan(4).png,men,black,spotted,cardigan
mans_Black_Spotted_Coat_776.png,men,black,spotted,coat
mans_Black_Spotted_Jacket_775.png,men,black,spotted,jacket
mans_Black_Spotted_Jeans_779.png,men,black,spotted,jeans
mans_Black_Spotted_Pants_778.png,men,black,spotted,pants
mans_Black_Spotted_Shirt_770.png,men,black,spotted,shirt
mans_Black_Spotted_Skirt_777.png,men,black,spotted,skirt
mans_Black_Spotted_Sweatshirt(2).png,men,black,spotted,sweatshirt
mans_Black_Spotted_T-Shirt(6).png,men,black,spotted,t-shirt
mans_Black_Spotted_Top(8).png,men,black,spotted,top
mans_Black_Spotted_Vest(2).png,men,black,spotted,vest
mans_Black_Striped_Blazer_736.png,men,black,striped,blazer
mans_Black_Striped_Cardigan_735.png,men,black,striped,cardigan
mans_Black_Striped_Coat_740.png,men,black,striped,coat
mans_Black_Striped_Jacket_739.png,men,black,striped,jacket
mans_Black_Striped_Jeans_743.png,men,black,striped,jeans
mans_Black_Striped_Pants(2).png,men,black,striped,pants
mans_Black_Striped_Shirt(6).png,men,black,striped,shirt
mans_Black_Striped_Skirt(8).png,men,black,striped,skirt
mans_Black_Striped_Sweatshirt_737.png,men,black,striped,sweatshirt
mans_Black_Striped_T-Shirt(9).png,men,black,striped,t-shirt
mans_Black_Striped_Top_732.png,men,black,striped,top
mans_Black_Striped_Vest(1).png,men,black,striped,vest
mans_Blue_Floral_Blazer_1288.png,men,blue,floral,blazer
mans_Blue_Floral_Cardigan(1).png,men,blue,floral,cardigan
mans_Blue_Floral_Coat_1292.png,men,blue,floral,coat
mans_Blue_Floral_Jacket_1291.png,men,blue,floral,jacket
mans_Blue_Floral_Jeans_1295.png,men,blue,floral,jeans
mans_Blue_Floral_Pants_1294.png,men,blue,floral,pants
mans_Blue_Floral_Shirt_1286.png,men,blue,floral,shirt
mans_Blue_Floral_Skirt(4).png,men,blue,floral,skirt
mans_Blue_Floral_Sweatshirt_1289.png,men,blue,floral,sweatshirt
mans_Blue_Floral_T-Shirt_1285.png,men,blue,floral,t-shirt
mans_Blue_Floral_Top(3).png,men,blue,floral,top
mans_Blue_Floral_Vest(5).png,men,blue,floral,vest
mans_Blue_Plaid_Blazer_1300.png,men,blue,plaid,blazer
mans_Blue_Plaid_Cardigan_1299.png,men,blue,plaid,cardigan
mans_Blue_Plaid_Coat_1304.png,men,blue,plaid,coat
mans_Blue_Plaid_Jacket_1303.png,men,blue,plaid,jacket
mans_Blue_Plaid_Jeans_1307.png,men,blue,plaid,jeans
mans_Blue_Plaid_Pants_1306.png,men,blue,plaid,pants
mans_Blue_Plaid_Shirt.png,men,blue,plaid,shirt
mans_Blue_Plaid_Skirt_1305.png,men,blue,plaid,skirt
mans_Blue_Plaid_Sweatshirt_1301.png,men,blue,plaid,sweatshirt
mans_Blue_Plaid_T-Shirt(8).png,men,blue,plaid,t-shirt
mans_Blue_Plaid_Top_1296.png,men,blue,plaid,top
mans_Blue_Plaid_Vest(3).png,men,blue,plaid,vest
mans_Blue_Solid_Blazer_1264.png,men,blue,solid,blazer
mans_Blue_Solid_Cardigan_1263.png,men,blue,solid,cardigan
mans_Blue_Solid_Coat_1268.png,men,blue,solid,coat
mans_Blue_Solid_Jacket_1267.png,men,blue,solid,jacket
mans_Blue_Solid_Jeans_1271.png,men,blue,solid,jeans
mans_Blue_Solid_Pants_1270.png,men,blue,solid,pants
mans_Blue_Solid_Shirt(5).png,men,blue,solid,shirt
mans_Blue_Solid_Skirt_1269.png,men,blue,solid,skirt
mans_Blue_Solid_Sweatshirt_1265.png,men,blue,solid,sweatshirt
mans_Blue_Solid_T-Shirt_1261.png,men,blue,solid,t-shirt
mans_Blue_Solid_Top_1260.png,men,blue,solid,top
mans_Blue_Solid_Vest.png,men,blue,solid,vest
mans_Blue_Spotted_Blazer_1312.png,men,blue,spotted,blazer
mans_Blue_Spotted_Cardigan_1311.png,men,blue,spotted,cardigan
mans_Blue_Spotted_Coat_1316.png,men,blue,spotted,coat
mans_Blue_Spotted_Jacket_1315.png,men,blue,spotted,jacket
mans_Blue_Spotted_Jeans_1319.png,men,blue,spotted,jeans
mans_Blue_Spotted_Pants_1318.png,men,blue,spotted,pants
mans_Blue_Spotted_Shirt_1310.png,men,blue,spotted,shirt
mans_Blue_Spotted_Sweatshirt_1313.png,men,blue,spotted,sweatshirt
mans_Blue_Spotted_T-Shirt_1309.png,men,blue,spotted,t-shirt
mans_Blue_Spotted_Top(4).png,men,blue,spotted,top
mans_Blue_Spotted_Vest_1314.png,men,blue,spotted,vest
mans_Blue_Striped_Blazer_1276.png,men,blue,striped,blazer
mans_Blue_Striped_Cardigan_1275.png,men,blue,striped,cardigan
mans_Blue_Striped_Coat.png,men,blue,striped,coat
mans_Blue_Striped_Jacket_1279.png,men,blue,striped,jacket
mans_Blue_Striped_Jeans_1283.png,men,blue,striped,jeans
mans_Blue_Striped_Pants.png,men,blue,striped,pants
mans_Blue_Striped_Shirt_1274.png,men,blue,striped,shirt
mans_Blue_Striped_Skirt_1281.png,men,blue,striped,skirt
mans_Blue_Striped_Sweatshirt_1277.png,men,blue,striped,sweatshirt
mans_Blue_Striped_T-Shirt(7).png,men,blue,striped,t-shirt
mans_Blue_Striped_Top_1272.png,men,blue,striped,top
mans_Blue_Striped_Vest_1278.png,men,blue,striped,vest
mans_Brown_Floral_Blazer_1228.png,men,brown,floral,blazer
mans_Brown_Floral_Cardigan_1227.png,men,brown,floral,cardigan
mans_Brown_Floral_Coat_1232.png,men,brown,floral,coat
mans_Brown_Floral_Jacket_1231.png,men,brown,floral,jacket
mans_Brown_Floral_Jeans_1235.png,men,brown,floral,jeans
mans_Brown_Floral_Pants(2).png,men,brown,floral,pants
mans_Brown_Floral_Shirt(1).png,men,brown,floral,shirt
mans_Brown_Floral_Sweatshirt_1229.png,men,brown,floral,sweatshirt
mans_Brown_Floral_T-Shirt_1225.png,men,brown,floral,t-shirt
mans_Brown_Floral_Top_1224.png,men,brown,floral,top
mans_Brown_Floral_Vest_1230.png,men,brown,floral,vest
mans_Brown_Plaid_Blazer(5).png,men,brown,plaid,blazer
mans_Brown_Plaid_Cardigan(1).png,men,brown,plaid,cardigan
mans_Brown_Plaid_Coat_1244.png,men,brown,plaid,coat
mans_Brown_Plaid_Jacket_1243.png,men,brown,plaid,jacket
mans_Brown_Plaid_Jeans(9).png,men,brown,plaid,jeans
mans_Brown_Plaid_Pants_1246.png,men,brown,plaid,pants
mans_Brown_Plaid_Shirt_1238.png,men,brown,plaid,shirt
mans_Brown_Plaid_Skirt_1245.png,men,brown,plaid,skirt
mans_Brown_Plaid_Sweatshirt_1241.png,men,brown,plaid,sweatshirt
mans_Brown_Plaid_T-Shirt_1237.png,men,brown,plaid,t-shirt
mans_Brown_Plaid_Top_1236.png,men,brown,plaid,top
mans_Brown_Plaid_Vest_1242.png,men,brown,plaid,vest
mans_Brown_Solid_Blazer_1204.png,men,brown,solid,blazer
mans_Brown_Solid_Cardigan_1203.png,men,brown,solid,cardigan
mans_Brown_Solid_Coat_1208.png,men,brown,solid,coat
mans_Brown_Solid_Jacket_1207.png,men,brown,solid,jacket
mans_Brown_Solid_Jeans_1211.png,men,brown,solid,jeans
mans_Brown_Solid_Pants_1210.png,men,brown,solid,pants
mans_Brown_Solid_Shirt_1202.png,men,brown,solid,shirt
mans_Brown_Solid_Skirt_1209.png,men,brown,solid,skirt
mans_Brown_Solid_Sweatshirt_1205.png,men,brown,solid,sweatshirt
mans_Brown_Solid_T-Shirt_1201.png,men,brown,solid,t-shirt
mans_Brown_Solid_Top_1200.png,men,brown,solid,top
mans_Brown_Solid_Vest_1206.png,men,brown,solid,vest
mans_Brown_Spotted_Blazer_1252.png,men,brown,spotted,blazer
mans_Brown_Spotted_Cardigan_1251.png,men,brown,spotted,cardigan
mans_Brown_Spotted_Coat_1256.png,men,brown,spotted,coat
mans_Brown_Spotted_Jacket_1255.png,men,brown,spotted,jacket
mans_Brown_Spotted_Jeans(1).png,men,brown,spotted,jeans
mans_Brown_Spotted_Pants_1258.png,men,brown,spotted,pants
mans_Brown_Spotted_Shirt(4).png,men,brown,spotted,shirt
mans_Brown_Spotted_Sweatshirt_1253.png,men,brown,spotted,sweatshirt
mans_Brown_Spotted_T-Shirt_1249.png,men,brown,spotted,t-shirt
mans_Brown_Spotted_Top.png,men,brown,spotted,top
mans_Brown_Spotted_Vest_1254.png,men,brown,spotted,vest
mans_Brown_Striped_Blazer(9).png,men,brown,striped,blazer
mans_Brown_Striped_Cardigan_1215.png,men,brown,striped,cardigan
mans_Brown_Striped_Coat_1220.png,men,brown,striped,coat
mans_Brown_Striped_Jacket_1219.png,men,brown,striped,jacket
mans_Brown_Striped_Jeans(6).png,men,brown,striped,jeans
mans_Brown_Striped_Pants_1222.png,men,brown,striped,pants
mans_Brown_Striped_Shirt(8).png,men,brown,striped,shirt
mans_Brown_Striped_Sweatshirt_1217.png,men,brown,striped,sweatshirt
mans_Brown_Striped_T-Shirt(1).png,men,brown,striped,t-shirt
mans_Brown_Striped_T-Shirt(7).png,men,brown,striped,t-shirt
mans_Brown_Striped_Top_1212.png,men,brown,striped,top
mans_Brown_Striped_Vest.png,men,brown,striped,vest
mans_Gray_Floral_Blazer_808.png,men,gray,floral,blazer
mans_Gray_Floral_Cardigan_807.png,men,gray,floral,cardigan
mans_Gray_Floral_Coat_812.png,men,gray,floral,coat
mans_Gray_Floral_Jacket_811.png,men,gray,floral,jacket
mans_Gray_Floral_Jeans_815.png,men,gray,floral,jeans
mans_Gray_Floral_Pants_814.png,men,gray,floral,pants
mans_Gray_Floral_Shirt(4).png,men,gray,floral,shirt
mans_Gray_Floral_Sweatshirt_809.png,men,gray,floral,sweatshirt
mans_Gray_Floral_T-Shirt_805.png,men,gray,floral,t-shirt
mans_Gray_Floral_Top(7).png,men,gray,floral,top
mans_Gray_Floral_Vest_810.png,men,gray,floral,vest
mans_Gray_Plaid_Blazer(3).png,men,gray,plaid,blazer
mans_Gray_Plaid_Cardigan_819.png,men,gray,plaid,cardigan
mans_Gray_Plaid_Coat_824.png,men,gray,plaid,coat
mans_Gray_Plaid_Jacket_823.png,men,gray,plaid,jacket
mans_Gray_Plaid_Jeans(4).png,men,gray,plaid,jeans
mans_Gray_Plaid_Pants_826.png,men,gray,plaid,pants
mans_Gray_Plaid_Shirt_818.png,men,gray,plaid,shirt
mans_Gray_Plaid_Sweatshirt_821.png,men,gray,plaid,sweatshirt
mans_Gray_Plaid_T-Shirt_817.png,men,gray,plaid,t-shirt
mans_Gray_Plaid_Top_816.png,men,gray,plaid,top
mans_Gray_Plaid_Vest_822.png,men,gray,plaid,vest
mans_Gray_Solid_Blazer_784.png,men,gray,solid,blazer
mans_Gray_Solid_Cardigan_783.png,men,gray,solid,cardigan
mans_Gray_Solid_Coat_788.png,men,gray,solid,coat
mans_Gray_Solid_Jacket_787.png,men,gray,solid,jacket
mans_Gray_Solid_Jeans(3).png,men,gray,solid,jeans
mans_Gray_Solid_Pants_790.png,men,gray,solid,pants
mans_Gray_Solid_Shirt_782.png,men,gray,solid,shirt
mans_Gray_Solid_Skirt_789.png,men,gray,solid,skirt
mans_Gray_Solid_Sweatshirt_785.png,men,gray,solid,sweatshirt
mans_Gray_Solid_T-Shirt_781.png,men,gray,solid,t-shirt
mans_Gray_Solid_Top_780.png,men,gray,solid,top
mans_Gray_Solid_Vest_786.png,men,gray,solid,vest
mans_Gray_Spotted_Blazer_832.png,men,gray,spotted,blazer
mans_Gray_Spotted_Cardigan_831.png,men,gray,spotted,cardigan
mans_Gray_Spotted_Coat_836.png,men,gray,spotted,coat
mans_Gray_Spotted_Jacket(3).png,men,gray,spotted,jacket
mans_Gray_Spotted_Jeans_839.png,men,gray,spotted,jeans
mans_Gray_Spotted_Pants.png,men,gray,spotted,pants
mans_Gray_Spotted_Shirt(8).png,men,gray,spotted,shirt
mans_Gray_Spotted_T-Shirt_829.png,men,gray,spotted,t-shirt
mans_Gray_Spotted_Top_828.png,men,gray,spotted,top
mans_Gray_Spotted_Vest(3).png,men,gray,spotted,vest
mans_Gray_Striped_Blazer_796.png,men,gray,striped,blazer
mans_Gray_Striped_Cardigan_795.png,men,gray,striped,cardigan
mans_Gray_Striped_Coat_800.png,men,gray,striped,coat
mans_Gray_Striped_Jacket_799.png,men,gray,striped,jacket
mans_Gray_Striped_Jeans_803.png,men,gray,striped,jeans
mans_Gray_Striped_Pants_802.png,men,gray,striped,pants
mans_Gray_Striped_Shirt(6).png,men,gray,striped,shirt
mans_Gray_Striped_Skirt_801.png,men,gray,striped,skirt
mans_Gray_Striped_Sweatshirt_797.png,men,gray,striped,sweatshirt
mans_Gray_Striped_T-Shirt_793.png,men,gray,striped,t-shirt
mans_Gray_Striped_Top_792.png,men,gray,striped,top
mans_Gray_Striped_Vest(5).png,men,gray,striped,vest
mans_Green_Floral_Blazer_1168.png,men,green,floral,blazer
mans_Green_Floral_Cardigan_1167.png,men,green,floral,cardigan
mans_Green_Floral_Coat.png,men,green,floral,coat
mans_Green_Floral_Jacket_1171.png,men,green,floral,jacket
mans_Green_Floral_Jeans_1175.png,men,green,floral,jeans
mans_Green_Floral_Pants_1174.png,men,green,floral,pants
mans_Green_Floral_Shirt_1166.png,men,green,floral,shirt
mans_Green_Floral_Skirt(4).png,men,green,floral,skirt
mans_Green_Floral_Sweatshirt(8).png,men,green,floral,sweatshirt
mans_Green_Floral_T-Shirt(5).png,men,green,floral,t-shirt
mans_Green_Floral_Top_1164.png,men,green,floral,top
mans_Green_Floral_Vest(2).png,men,green,floral,vest
mans_Green_Plaid_Blazer_1180.png,men,green,plaid,blazer
mans_Green_Plaid_Cardigan_1179.png,men,green,plaid,cardigan
mans_Green_Plaid_Coat_1184.png,men,green,plaid,coat
mans_Green_Plaid_Jacket(6).png,men,green,plaid,jacket
mans_Green_Plaid_Jeans.png,men,green,plaid,jeans
mans_Green_Plaid_Pants_1186.png,men,green,plaid,pants
mans_Green_Plaid_Shirt(7).png,men,green,plaid,shirt
mans_Green_Plaid_Skirt_1185.png,men,green,plaid,skirt
mans_Green_Plaid_Sweatshirt_1181.png,men,green,plaid,sweatshirt
mans_Green_Plaid_T-Shirt(9).png,men,green,plaid,t-shirt
mans_Green_Plaid_Top(7).png,men,green,plaid,top
mans_Green_Plaid_Vest(7).png,men,green,plaid,vest
mans_Green_Solid_Blazer_1144.png,men,green,solid,blazer
mans_Green_Solid_Cardigan_1143.png,men,green,solid,cardigan
mans_Green_Solid_Coat_1148.png,men,green,solid,coat
mans_Green_Solid_Jacket_1147.png,men,green,solid,jacket
mans_Green_Solid_Jeans(8).png,men,green,solid,jeans
mans_Green_Solid_Pants_1150.png,men,green,solid,pants
mans_Green_Solid_Shirt_1142.png,men,green,solid,shirt
mans_Green_Solid_Skirt_1149.png,men,green,solid,skirt
mans_Green_Solid_Sweatshirt_1145.png,men,green,solid,sweatshirt
mans_Green_Solid_T-Shirt_1141.png,men,green,solid,t-shirt
mans_Green_Solid_Top_1140.png,men,green,solid,top
mans_Green_Solid_Vest_1146.png,men,green,solid,vest
mans_Green_Spotted_Blazer(4).png,men,green,spotted,blazer
mans_Green_Spotted_Cardigan_1191.png,men,green,spotted,cardigan
mans_Green_Spotted_Coat_1196.png,men,green,spotted,coat
mans_Green_Spotted_Jacket_1195.png,men,green,spotted,jacket
mans_Green_Spotted_Jeans_1199.png,men,green,spotted,jeans
mans_Green_Spotted_Pants_1198.png,men,green,spotted,pants
mans_Green_Spotted_Shirt(8).png,men,green,spotted,shirt
mans_Green_Spotted_Sweatshirt_1193.png,men,green,spotted,sweatshirt
mans_Green_Spotted_T-Shirt_1189.png,men,green,spotted,t-shirt
mans_Green_Spotted_Top_1188.png,men,green,spotted,top
mans_Green_Spotted_Vest_1194.png,men,green,spotted,vest
mans_Green_Striped_Blazer_1156.png,men,green,striped,blazer
mans_Green_Striped_Cardigan_1155.png,men,green,striped,cardigan
mans_Green_Striped_Coat_1160.png,men,green,striped,coat
mans_Green_Striped_Jacket_1159.png,men,green,striped,jacket
mans_Green_Striped_Jeans_1163.png,men,green,striped,jeans
mans_Green_Striped_Pants_1162.png,men,green,striped,pants
mans_Green_Striped_Shirt(1).png,men,green,striped,shirt
mans_Green_Striped_Skirt_1161.png,men,green,striped,skirt
mans_Green_Striped_Sweatshirt_1157.png,men,green,striped,sweatshirt
mans_Green_Striped_T-Shirt_1153.png,men,green,striped,t-shirt
mans_Green_Striped_Top_1152.png,men,green,striped,top
mans_Green_Striped_Vest_1158.png,men,green,striped,vest
mans_Orange_Floral_Blazer_988.png,men,orange,floral,blazer
mans_Orange_Floral_Cardigan_987.png,men,orange,floral,cardigan
mans_Orange_Floral_Coat(5).png,men,orange,floral,coat
mans_Orange_Floral_Jacket(7).png,men,orange,floral,jacket
mans_Orange_Floral_Jeans(7).png,men,orange,floral,jeans
mans_Orange_Floral_Pants(7).png,men,orange,floral,pants
mans_Orange_Floral_Shirt(7).png,men,orange,floral,shirt
mans_Orange_Floral_Sweatshirt_989.png,men,orange,floral,sweatshirt
mans_Orange_Floral_T-Shirt_985.png,men,orange,floral,t-shirt
mans_Orange_Floral_Top_984.png,men,orange,floral,top
mans_Orange_Floral_Vest_990.png,men,orange,floral,vest
mans_Orange_Plaid_Blazer_1000.png,men,orange,plaid,blazer
mans_Orange_Plaid_Cardigan_999.png,men,orange,plaid,cardigan
mans_Orange_Plaid_Coat_1004.png,men,orange,plaid,coat
mans_Orange_Plaid_Jacket_1003.png,men,orange,plaid,jacket
mans_Orange_Plaid_Jeans_1007.png,men,orange,plaid,jeans
mans_Orange_Plaid_Pants_1006.png,men,orange,plaid,pants
mans_Orange_Plaid_Shirt_998.png,men,orange,plaid,shirt
mans_Orange_Plaid_Sweatshirt_1001.png,men,orange,plaid,sweatshirt
mans_Orange_Plaid_T-Shirt_997.png,men,orange,plaid,t-shirt
mans_Orange_Plaid_Top(4).png,men,orange,plaid,top
mans_Orange_Plaid_Vest_1002.png,men,orange,plaid,vest
mans_Orange_Solid_Blazer_964.png,men,orange,solid,blazer
mans_Orange_Solid_Cardigan_963.png,men,orange,solid,cardigan
mans_Orange_Solid_Coat_968.png,men,orange,solid,coat
mans_Orange_Solid_Jacket_967.png,men,orange,solid,jacket
mans_Orange_Solid_Jeans(2).png,men,orange,solid,jeans
mans_Orange_Solid_Pants.png,men,orange,solid,pants
mans_Orange_Solid_Shirt_962.png,men,orange,solid,shirt
mans_Orange_Solid_Skirt_969.png,men,orange,solid,skirt
mans_Orange_Solid_Sweatshirt_965.png,men,orange,solid,sweatshirt
mans_Orange_Solid_T-Shirt_961.png,men,orange,solid,t-shirt
mans_Orange_Solid_Top_960.png,men,orange,solid,top
mans_Orange_Solid_Vest(8).png,men,orange,solid,vest
mans_Orange_Spotted_Blazer_1012.png,men,orange,spotted,blazer
mans_Orange_Spotted_Cardigan(3).png,men,orange,spotted,cardigan
mans_Orange_Spotted_Coat_1016.png,men,orange,spotted,coat
mans_Orange_Spotted_Jacket.png,men,orange,spotted,jacket
mans_Orange_Spotted_Jeans(5).png,men,orange,spotted,jeans
mans_Orange_Spotted_Pants(9).png,men,orange,spotted,pants
mans_Orange_Spotted_Shirt_1010.png,men,orange,spotted,shirt
mans_Orange_Spotted_Sweatshirt(8).png,men,orange,spotted,sweatshirt
mans_Orange_Spotted_T-Shirt_1009.png,men,orange,spotted,t-shirt
mans_Orange_Spotted_Top(3).png,men,orange,spotted,top
mans_Orange_Spotted_Vest_1014.png,men,orange,spotted,vest
mans_Orange_Striped_Blazer.png,men,orange,striped,blazer
mans_Orange_Striped_Cardigan_975.png,men,orange,striped,cardigan
mans_Orange_Striped_Coat_980.png,men,orange,striped,coat
mans_Orange_Striped_Jacket_979.png,men,orange,striped,jacket
mans_Orange_Striped_Jeans_983.png,men,orange,striped,jeans
mans_Orange_Striped_Pants_982.png,men,orange,striped,pants
mans_Orange_Striped_Shirt(6).png,men,orange,striped,shirt
mans_Orange_Striped_Skirt_981.png,men,orange,striped,skirt
mans_Orange_Striped_Sweatshirt_977.png,men,orange,striped,sweatshirt
mans_Orange_Striped_T-Shirt(1).png,men,orange,striped,t-shirt
mans_Orange_Striped_Top_972.png,men,orange,striped,top
mans_Orange_Striped_Vest_978.png,men,orange,striped,vest
mans_Pink_Floral_Blazer_1048.png,men,pink,floral,blazer
mans_Pink_Floral_Cardigan_1047.png,men,pink,floral,cardigan
mans_Pink_Floral_Coat_1052.png,men,pink,floral,coat
mans_Pink_Floral_Jacket_1051.png,men,pink,floral,jacket
mans_Pink_Floral_Jeans(9).png,men,pink,floral,jeans
mans_Pink_Floral_Pants(8).png,men,pink,floral,pants
mans_Pink_Floral_Shirt_1046.png,men,pink,floral,shirt
mans_Pink_Floral_Sweatshirt_1049.png,men,pink,floral,sweatshirt
mans_Pink_Floral_T-Shirt_1045.png,men,pink,floral,t-shirt
mans_Pink_Floral_Top_1044.png,men,pink,floral,top
mans_Pink_Floral_Vest_1050.png,men,pink,floral,vest
mans_Pink_Plaid_Blazer_1060.png,men,pink,plaid,blazer
mans_Pink_Plaid_Cardigan(8).png,men,pink,plaid,cardigan
mans_Pink_Plaid_Coat_1064.png,men,pink,plaid,coat
mans_Pink_Plaid_Jacket_1063.png,men,pink,plaid,jacket
mans_Pink_Plaid_Jeans_1067.png,men,pink,plaid,jeans
mans_Pink_Plaid_Pants_1066.png,men,pink,plaid,pants
mans_Pink_Plaid_Shirt_1058.png,men,pink,plaid,shirt
mans_Pink_Plaid_Sweatshirt_1061.png,men,pink,plaid,sweatshirt
mans_Pink_Plaid_Top(2).png,men,pink,plaid,top
mans_Pink_Plaid_Vest_1062.png,men,pink,plaid,vest
mans_Pink_Solid_Blazer_1024.png,men,pink,solid,blazer
mans_Pink_Solid_Cardigan_1023.png,men,pink,solid,cardigan
mans_Pink_Solid_Coat_1028.png,men,pink,solid,coat
mans_Pink_Solid_Jacket_1027.png,men,pink,solid,jacket
mans_Pink_Solid_Jeans_1031.png,men,pink,solid,jeans
mans_Pink_Solid_Pants_1030.png,men,pink,solid,pants
mans_Pink_Solid_Shirt_1022.png,men,pink,solid,shirt
mans_Pink_Solid_Skirt_1029.png,men,pink,solid,skirt
mans_Pink_Solid_Sweatshirt_1025.png,men,pink,solid,sweatshirt
mans_Pink_Solid_T-Shirt_1021.png,men,pink,solid,t-shirt
mans_Pink_Solid_Top_1020.png,men,pink,solid,top
mans_Pink_Solid_Vest(7).png,men,pink,solid,vest
mans_Pink_Spotted_Blazer_1072.png,men,pink,spotted,blazer
mans_Pink_Spotted_Cardigan_1071.png,men,pink,spotted,cardigan
mans_Pink_Spotted_Coat_1076.png,men,pink,spotted,coat
mans_Pink_Spotted_Jacket_1075.png,men,pink,spotted,jacket
mans_Pink_Spotted_Jeans_1079.png,men,pink,spotted,jeans
mans_Pink_Spotted_Pants_1078.png,men,pink,spotted,pants
mans_Pink_Spotted_Shirt_1070.png,men,pink,spotted,shirt
mans_Pink_Spotted_Skirt_1077.png,men,pink,spotted,skirt
mans_Pink_Spotted_Sweatshirt_1073 - 複製.png,men,pink,spotted,sweatshirt
mans_Pink_Spotted_T-Shirt_1069.png,men,pink,spotted,t-shirt
mans_Pink_Spotted_Top_1068.png,men,pink,spotted,top
mans_Pink_Spotted_Vest_1074.png,men,pink,spotted,vest
mans_Pink_Striped_Blazer_1036.png,men,pink,striped,blazer
mans_Pink_Striped_Cardigan_1035.png,men,pink,striped,cardigan
mans_Pink_Striped_Coat(7).png,men,pink,striped,coat
mans_Pink_Striped_Jacket_1039.png,men,pink,striped,jacket
mans_Pink_Striped_Jeans_1043.png,men,pink,striped,jeans
mans_Pink_Striped_Pants_1042.png,men,pink,striped,pants
mans_Pink_Striped_Shirt(5).png,men,pink,striped,shirt
mans_Pink_Striped_Skirt_1041.png,men,pink,striped,skirt
mans_Pink_Striped_Sweatshirt_1037.png,men,pink,striped,sweatshirt
mans_Pink_Striped_T-Shirt_1033.png,men,pink,striped,t-shirt
mans_Pink_Striped_Top_1032.png,men,pink,striped,top
mans_Pink_Striped_Vest_1038.png,men,pink,striped,vest
mans_Purple_Floral_Blazer_1408.png,men,purple,floral,blazer
mans_Purple_Floral_Cardigan_1407.png,men,purple,floral,cardigan
mans_Purple_Floral_Coat_1412.png,men,purple,floral,coat
mans_Purple_Floral_Jacket_1411.png,men,purple,floral,jacket
mans_Purple_Floral_Jeans_1415.png,men,purple,floral,jeans
mans_Purple_Floral_Pants_1414.png,men,purple,floral,pants
mans_Purple_Floral_Shirt_1406.png,men,purple,floral,shirt
mans_Purple_Floral_Skirt_1413.png,men,purple,floral,skirt
mans_Purple_Floral_Sweatshirt_1409.png,men,purple,floral,sweatshirt
mans_Purple_Floral_T-Shirt_1405.png,men,purple,floral,t-shirt
mans_Purple_Floral_Top_1404.png,men,purple,floral,top
mans_Purple_Floral_Vest_1410.png,men,purple,floral,vest
mans_Purple_Plaid_Blazer(1).png,men,purple,plaid,blazer
mans_Purple_Plaid_Cardigan(3).png,men,purple,plaid,cardigan
mans_Purple_Plaid_Coat_1424.png,men,purple,plaid,coat
mans_Purple_Plaid_Jacket_1423.png,men,purple,plaid,jacket
mans_Purple_Plaid_Jeans.png,men,purple,plaid,jeans
mans_Purple_Plaid_Pants_1426.png,men,purple,plaid,pants
mans_Purple_Plaid_Shirt(7).png,men,purple,plaid,shirt
mans_Purple_Plaid_Skirt_1425.png,men,purple,plaid,skirt
mans_Purple_Plaid_Sweatshirt_1421.png,men,purple,plaid,sweatshirt
mans_Purple_Plaid_T-Shirt_1417.png,men,purple,plaid,t-shirt
mans_Purple_Plaid_Top_1416.png,men,purple,plaid,top
mans_Purple_Plaid_Vest_1422.png,men,purple,plaid,vest
mans_Purple_Solid_Blazer_1384.png,men,purple,solid,blazer
mans_Purple_Solid_Cardigan(5).png,men,purple,solid,cardigan
mans_Purple_Solid_Coat_1388.png,men,purple,solid,coat
mans_Purple_Solid_Jacket_1387.png,men,purple,solid,jacket
mans_Purple_Solid_Jeans_1391.png,men,purple,solid,jeans
mans_Purple_Solid_Pants_1390.png,men,purple,solid,pants
mans_Purple_Solid_Shirt_1382.png,men,purple,solid,shirt
mans_Purple_Solid_Sweatshirt_1385.png,men,purple,solid,sweatshirt
mans_Purple_Solid_T-Shirt(7).png,men,purple,solid,t-shirt
mans_Purple_Solid_Top_1380.png,men,purple,solid,top
mans_Purple_Solid_Vest_1386.png,men,purple,solid,vest
mans_Purple_Spotted_Blazer(1).png,men,purple,spotted,blazer
mans_Purple_Spotted_Cardigan_1431.png,men,purple,spotted,cardigan
mans_Purple_Spotted_Coat(6).png,men,purple,spotted,coat
mans_Purple_Spotted_Jacket_1435.png,men,purple,spotted,jacket
mans_Purple_Spotted_Jeans(7).png,men,purple,spotted,jeans
mans_Purple_Spotted_Pants(3).png,men,purple,spotted,pants
mans_Purple_Spotted_Shirt(5).png,men,purple,spotted,shirt
mans_Purple_Spotted_Sweatshirt(9).png,men,purple,spotted,sweatshirt
mans_Purple_Spotted_T-Shirt_1429.png,men,purple,spotted,t-shirt
mans_Purple_Spotted_Top_1428.png,men,purple,spotted,top
mans_Purple_Spotted_Vest_1434.png,men,purple,spotted,vest
mans_Purple_Striped_Blazer_1396.png,men,purple,striped,blazer
mans_Purple_Striped_Cardigan_1395.png,men,purple,striped,cardigan
mans_Purple_Striped_Coat_1400.png,men,purple,striped,coat
mans_Purple_Striped_Jacket_1399.png,men,purple,striped,jacket
mans_Purple_Striped_Jeans_1403.png,men,purple,striped,jeans
mans_Purple_Striped_Pants_1402.png,men,purple,striped,pants
mans_Purple_Striped_Shirt_1394.png,men,purple,striped,shirt
mans_Purple_Striped_Sweatshirt_1397.png,men,purple,striped,sweatshirt
mans_Purple_Striped_T-Shirt(5).png,men,purple,striped,t-shirt
mans_Purple_Striped_Top_1392.png,men,purple,striped,top
mans_Purple_Striped_Vest(8).png,men,purple,striped,vest
mans_Red_Floral_Blazer_1108.png,men,red,floral,blazer
mans_Red_Floral_Cardigan_1107.png,men,red,floral,cardigan
mans_Red_Floral_Coat_1112.png,men,red,floral,coat
mans_Red_Floral_Jacket_1111.png,men,red,floral,jacket
mans_Red_Floral_Jeans_1115.png,men,red,floral,jeans
mans_Red_Floral_Pants(4).png,men,red,floral,pants
mans_Red_Floral_Shirt_1106.png,men,red,floral,shirt
mans_Red_Floral_Skirt_1113.png,men,red,floral,skirt
mans_Red_Floral_Sweatshirt_1109.png,men,red,floral,sweatshirt
mans_Red_Floral_T-Shirt_1105.png,men,red,floral,t-shirt
mans_Red_Floral_Top_1104.png,men,red,floral,top
mans_Red_Floral_Vest_1110.png,men,red,floral,vest
mans_Red_Plaid_Blazer_1120.png,men,red,plaid,blazer
mans_Red_Plaid_Cardigan_1119.png,men,red,plaid,cardigan
mans_Red_Plaid_Coat_1124.png,men,red,plaid,coat
mans_Red_Plaid_Jacket(7).png,men,red,plaid,jacket
mans_Red_Plaid_Jeans_1127.png,men,red,plaid,jeans
mans_Red_Plaid_Pants_1126.png,men,red,plaid,pants
mans_Red_Plaid_Shirt_1118.png,men,red,plaid,shirt
mans_Red_Plaid_Skirt_1125.png,men,red,plaid,skirt
mans_Red_Plaid_Sweatshirt_1121.png,men,red,plaid,sweatshirt
mans_Red_Plaid_T-Shirt_1117.png,men,red,plaid,t-shirt
mans_Red_Plaid_Top_1116.png,men,red,plaid,top
mans_Red_Plaid_Vest(6).png,men,red,plaid,vest
mans_Red_Solid_Blazer_1084.png,men,red,solid,blazer
mans_Red_Solid_Cardigan_1083.png,men,red,solid,cardigan
mans_Red_Solid_Coat_1088.png,men,red,solid,coat
mans_Red_Solid_Jacket_1087.png,men,red,solid,jacket
mans_Red_Solid_Jeans_1091.png,men,red,solid,jeans
mans_Red_Solid_Pants_1090.png,men,red,solid,pants
mans_Red_Solid_Shirt_1082.png,men,red,solid,shirt
mans_Red_Solid_Skirt_1089.png,men,red,solid,skirt
mans_Red_Solid_Sweatshirt_1085.png,men,red,solid,sweatshirt
mans_Red_Solid_T-Shirt_1081.png,men,red,solid,t-shirt
mans_Red_Solid_Top_1080.png,men,red,solid,top
mans_Red_Solid_Vest_1086.png,men,red,solid,vest
mans_Red_Spotted_Blazer_1132.png,men,red,spotted,blazer
mans_Red_Spotted_Cardigan_1131.png,men,red,spotted,cardigan
mans_Red_Spotted_Coat_1136.png,men,red,spotted,coat
mans_Red_Spotted_Jacket_1135.png,men,red,spotted,jacket
mans_Red_Spotted_Jeans_1139.png,men,red,spotted,jeans
mans_Red_Spotted_Pants(6).png,men,red,spotted,pants
mans_Red_Spotted_Shirt_1130.png,men,red,spotted,shirt
mans_Red_Spotted_Sweatshirt_1133.png,men,red,spotted,sweatshirt
mans_Red_Spotted_T-Shirt_1129.png,men,red,spotted,t-shirt
mans_Red_Spotted_Top_1128.png,men,red,spotted,top
mans_Red_Spotted_Vest(2).png,men,red,spotted,vest
mans_Red_Striped_Blazer_1096.png,men,red,striped,blazer
mans_Red_Striped_Cardigan_1095.png,men,red,striped,cardigan
mans_Red_Striped_Coat(3).png,men,red,striped,coat
mans_Red_Striped_Jacket(1).png,men,red,striped,jacket
mans_Red_Striped_Jeans.png,men,red,striped,jeans
mans_Red_Striped_Pants_1102.png,men,red,striped,pants
mans_Red_Striped_Shirt_1094.png,men,red,striped,shirt
mans_Red_Striped_Sweatshirt_1097.png,men,red,striped,sweatshirt
mans_Red_Striped_T-Shirt_1093.png,men,red,striped,t-shirt
mans_Red_Striped_Top_1092.png,men,red,striped,top
mans_Red_Striped_Vest(2).png,men,red,striped,vest
mans_White_Floral_Blazer_868.png,men,white,floral,blazer
mans_White_Floral_Cardigan_867.png,men,white,floral,cardigan
mans_White_Floral_Coat_872.png,men,white,floral,coat
mans_White_Floral_Jacket_871.png,men,white,floral,jacket
mans_White_Floral_Jeans(9).png,men,white,floral,jeans
mans_White_Floral_Pants_874.png,men,white,floral,pants
mans_White_Floral_Shirt_866.png,men,white,floral,shirt
mans_White_Floral_Skirt_873.png,men,white,floral,skirt
mans_White_Floral_Sweatshirt_869.png,men,white,floral,sweatshirt
mans_White_Floral_T-Shirt_865.png,men,white,floral,t-shirt
mans_White_Floral_Top_864.png,men,white,floral,top
mans_White_Floral_Vest_870.png,men,white,floral,vest
mans_White_Plaid_Blazer_880.png,men,white,plaid,blazer
mans_White_Plaid_Cardigan_879.png,men,white,plaid,cardigan
mans_White_Plaid_Coat_884.png,men,white,plaid,coat
mans_White_Plaid_Jacket(2).png,men,white,plaid,jacket
mans_White_Plaid_Jeans(1).png,men,white,plaid,jeans
mans_White_Plaid_Pants(4).png,men,white,plaid,pants
mans_White_Plaid_Shirt(9).png,men,white,plaid,shirt
mans_White_Plaid_Skirt_885.png,men,white,plaid,skirt
mans_White_Plaid_Sweatshirt_881.png,men,white,plaid,sweatshirt
mans_White_Plaid_T-Shirt_877.png,men,white,plaid,t-shirt
mans_White_Plaid_Top_876.png,men,white,plaid,top
mans_White_Plaid_Vest_882.png,men,white,plaid,vest
mans_White_Solid_Blazer_844.png,men,white,solid,blazer
mans_White_Solid_Cardigan_843.png,men,white,solid,cardigan
mans_White_Solid_Coat_848.png,men,white,solid,coat
mans_White_Solid_Jacket_847.png,men,white,solid,jacket
mans_White_Solid_Jeans_851.png,men,white,solid,jeans
mans_White_Solid_Pants_850.png,men,white,solid,pants
mans_White_Solid_Shirt_842.png,men,white,solid,shirt
mans_White_Solid_Sweatshirt_845.png,men,white,solid,sweatshirt
mans_White_Solid_T-Shirt_841.png,men,white,solid,t-shirt
mans_White_Solid_Top_840.png,men,white,solid,top
mans_White_Solid_Vest_846.png,men,white,solid,vest
mans_White_Spotted_Blazer_892.png,men,white,spotted,blazer
mans_White_Spotted_Cardigan_891.png,men,white,spotted,cardigan
mans_White_Spotted_Coat_896.png,men,white,spotted,coat
mans_White_Spotted_Jacket(1).png,men,white,spotted,jacket
mans_White_Spotted_Jeans(4).png,men,white,spotted,jeans
mans_White_Spotted_Pants_898.png,men,white,spotted,pants
mans_White_Spotted_Shirt(7).png,men,white,spotted,shirt
mans_White_Spotted_Sweatshirt_893.png,men,white,spotted,sweatshirt
mans_White_Spotted_T-Shirt_889.png,men,white,spotted,t-shirt
mans_White_Spotted_Top(2).png,men,white,spotted,top
mans_White_Spotted_Vest_894.png,men,white,spotted,vest
mans_White_Striped_Blazer_856.png,men,white,striped,blazer
mans_White_Striped_Cardigan_855.png,men,white,striped,cardigan
mans_White_Striped_Coat(4).png,men,white,striped,coat
mans_White_Striped_Jacket_859.png,men,white,striped,jacket
mans_White_Striped_Jeans_863.png,men,white,striped,jeans
mans_White_Striped_Pants(8).png,men,white,striped,pants
mans_White_Striped_Shirt_854.png,men,white,striped,shirt
mans_White_Striped_Skirt_861.png,men,white,striped,skirt
mans_White_Striped_Sweatshirt_857.png,men,white,striped,sweatshirt
mans_White_Striped_T-Shirt_853.png,men,white,striped,t-shirt
mans_White_Striped_Top(8).png,men,white,striped,top
mans_White_Striped_Vest_858.png,men,white,striped,vest
mans_Yellow_Floral_Blazer_1348.png,men,yellow,floral,blazer
mans_Yellow_Floral_Cardigan_1347.png,men,yellow,floral,cardigan
mans_Yellow_Floral_Coat_1352.png,men,yellow,floral,coat
mans_Yellow_Floral_Jacket_1351.png,men,yellow,floral,jacket
mans_Yellow_Floral_Jeans(8).png,men,yellow,floral,jeans
mans_Yellow_Floral_Pants(1).png,men,yellow,floral,pants
mans_Yellow_Floral_Shirt_1346.png,men,yellow,floral,shirt
mans_Yellow_Floral_Sweatshirt(3).png,men,yellow,floral,sweatshirt
mans_Yellow_Floral_T-Shirt(9).png,men,yellow,floral,t-shirt
mans_Yellow_Floral_Top(7).png,men,yellow,floral,top
mans_Yellow_Floral_Vest(3).png,men,yellow,floral,vest
mans_Yellow_Plaid_Blazer_1360.png,men,yellow,plaid,blazer
mans_Yellow_Plaid_Cardigan(9).png,men,yellow,plaid,cardigan
mans_Yellow_Plaid_Coat_1364.png,men,yellow,plaid,coat
mans_Yellow_Plaid_Jacket(2).png,men,yellow,plaid,jacket
mans_Yellow_Plaid_Jeans_1367.png,men,yellow,plaid,jeans
mans_Yellow_Plaid_Pants_1366.png,men,yellow,plaid,pants
mans_Yellow_Plaid_Shirt_1358.png,men,yellow,plaid,shirt
mans_Yellow_Plaid_Skirt_1365.png,men,yellow,plaid,skirt
mans_Yellow_Plaid_Sweatshirt_1361.png,men,yellow,plaid,sweatshirt
mans_Yellow_Plaid_T-Shirt(4).png,men,yellow,plaid,t-shirt
mans_Yellow_Plaid_Top(4).png,men,yellow,plaid,top
mans_Yellow_Solid_Coat_1328.png,men,yellow,solid,coat
mans_Yellow_Solid_Jacket_1327.png,men,yellow,solid,jacket
mans_Yellow_Solid_Jeans(8).png,men,yellow,solid,jeans
mans_Yellow_Solid_Pants_1330.png,men,yellow,solid,pants
mans_Yellow_Solid_Skirt_1329.png,men,yellow,solid,skirt
mans_Yellow_Solid_Sweatshirt_1325.png,men,yellow,solid,sweatshirt
mans_Yellow_Solid_T-Shirt_1321.png,men,yellow,solid,t-shirt
mans_Yellow_Solid_Top_1320.png,men,yellow,solid,top
mans_Yellow_Solid_Vest_1326.png,men,yellow,solid,vest
mans_Yellow_Spotted_Skirt_1377.png,men,yellow,spotted,skirt
womans_Blue_Spotted_Blazer_592.png,women,blue,spotted,blazer
womans_Brown_Plaid_Vest_522.png,women,brown,plaid,vest
womans_Orange_Floral_Blazer_268.png,women,orange,floral,blazer
womans_Yellow_Floral_Vest_630.png,women,yellow,floral,vest
